"Date","Price","Open","High","Low","Vol.","Change %"
"May 02, 2020","17.53","17.38","17.57","17.30","3.01M","0.43%"
"May 03, 2020","17.11","17.54","17.79","16.87","2.62M","-2.44%"
"May 04, 2020","17.02","17.08","17.28","16.32","2.76M","-0.51%"
"May 05, 2020","16.89","17.05","17.29","16.61","2.61M","-0.78%"
"May 06, 2020","16.38","16.88","17.13","16.33","2.72M","-2.99%"
"May 07, 2020","16.99","16.31","17.24","16.16","3.03M","3.70%"
"May 08, 2020","17.14","17.02","17.40","16.83","2.62M","0.88%"
"May 09, 2020","16.82","17.13","17.49","16.82","2.23M","-1.89%"
"May 10, 2020","15.37","16.77","16.78","14.02","2.91M","-8.57%"
"May 11, 2020","15.15","15.36","15.54","14.14","2.73M","-1.48%"
"May 12, 2020","15.77","15.08","16.22","14.98","3.03M","4.12%"
"May 13, 2020","16.22","15.71","16.34","15.68","2.81M","2.84%"
"May 14, 2020","16.38","16.21","16.69","16.03","2.80M","0.98%"
"May 15, 2020","15.70","16.35","16.47","15.58","2.31M","-4.12%"
"May 16, 2020","16.06","15.71","16.23","15.59","2.73M","2.26%"
"May 17, 2020","16.30","16.01","16.50","16.01","2.89M","1.51%"
"May 18, 2020","16.63","16.27","16.85","16.25","3.12M","2.02%"
"May 19, 2020","17.20","16.63","17.23","16.30","3.25M","3.45%"
"May 20, 2020","16.90","17.20","17.33","16.54","2.40M","-1.80%"
"May 21, 2020","16.09","16.90","17.05","15.76","2.16M","-4.76%"
"May 22, 2020","16.60","16.08","16.89","15.92","2.52M","3.14%"
"May 23, 2020","16.47","16.59","16.84","16.33","2.30M","-0.76%"
"May 24, 2020","16.01","16.46","16.79","16.01","2.27M","-2.78%"
"May 25, 2020","16.38","15.97","16.41","15.87","2.36M","2.30%"
"May 26, 2020","16.22","16.39","16.48","15.96","2.01M","-0.99%"
"May 27, 2020","16.46","16.21","16.50","16.16","2.61M","1.52%"
"May 28, 2020","17.07","16.45","17.14","16.40","2.87M","3.68%"
"May 29, 2020","17.00","17.12","17.18","16.69","2.60M","-0.38%"
"May 30, 2020","17.73","17.02","17.78","16.93","2.97M","4.28%"
"May 31, 2020","17.12","17.75","18.17","16.87","2.61M","-3.47%"
"Jun 01, 2020","17.93","17.08","18.10","16.99","2.99M","4.73%"
"Jun 02, 2020","17.28","17.95","18.20","16.77","2.54M","-3.58%"
"Jun 03, 2020","17.55","17.27","17.63","17.04","2.65M","1.54%"
"Jun 04, 2020","17.52","17.60","17.65","17.08","2.32M","-0.14%"
"Jun 05, 2020","17.69","17.51","17.88","17.45","2.45M","0.96%"
"Jun 06, 2020","17.55","17.60","17.79","17.51","2.11M","-0.83%"
"Jun 07, 2020","17.42","17.54","17.63","16.90","1.82M","-0.73%"
"Jun 08, 2020","17.42","17.42","17.53","17.27","1.66M","0.00%"
"Jun 09, 2020","17.37","17.44","17.51","17.14","1.63M","-0.26%"
"Jun 10, 2020","17.41","17.34","17.57","17.26","1.81M","0.19%"
"Jun 11, 2020","16.22","17.41","17.51","16.00","1.80M","-6.83%"
"Jun 12, 2020","16.64","16.21","16.77","16.10","1.93M","2.62%"
"Jun 13, 2020","16.81","16.64","16.81","16.50","2.02M","1.02%"
"Jun 14, 2020","16.56","16.81","16.84","16.42","1.70M","-1.49%"
"Jun 15, 2020","16.38","16.56","16.60","15.54","1.52M","-1.09%"
"Jun 16, 2020","16.43","16.39","16.62","16.16","1.61M","0.30%"
"Jun 17, 2020","16.40","16.44","16.62","16.01","1.50M","-0.18%"
"Jun 18, 2020","16.16","16.39","16.53","15.90","1.38M","-1.48%"
"Jun 19, 2020","15.96","16.15","16.28","15.90","1.32M","-1.20%"
"Jun 20, 2020","16.06","15.91","16.09","15.70","1.43M","0.61%"
"Jun 21, 2020","15.97","16.07","16.31","15.95","1.32M","-0.55%"
"Jun 22, 2020","16.50","15.98","16.53","15.96","1.71M","3.32%"
"Jun 23, 2020","16.39","16.50","16.54","16.28","1.45M","-0.67%"
"Jun 24, 2020","16.00","16.38","16.64","15.98","1.53M","-2.36%"
"Jun 25, 2020","15.91","15.99","16.08","15.51","1.20M","-0.58%"
"Jun 26, 2020","15.77","15.89","16.00","15.58","1.04M","-0.88%"
"Jun 27, 2020","15.13","15.76","15.87","14.84","1.31M","-4.03%"
"Jun 28, 2020","15.40","15.12","15.49","14.93","1.40M","1.74%"
"Jun 29, 2020","15.46","15.38","15.59","15.21","1.51M","0.41%"
"Jun 30, 2020","15.41","15.49","15.54","15.26","1.31M","-0.30%"
"Jul 01, 2020","15.81","15.39","15.88","15.34","1.61M","2.60%"
"Jul 02, 2020","15.36","15.80","15.96","15.09","1.40M","-2.90%"
"Jul 03, 2020","15.28","15.36","15.49","15.26","1.21M","-0.50%"
"Jul 04, 2020","15.56","15.28","15.62","15.23","1.32M","1.83%"
"Jul 05, 2020","15.51","15.55","15.61","15.29","1.12M","-0.32%"
"Jul 06, 2020","16.30","15.50","16.30","15.50","1.61M","5.11%"
"Jul 07, 2020","16.80","16.30","16.80","16.17","1.88M","3.08%"
"Jul 08, 2020","17.26","16.81","17.40","16.81","2.27M","2.73%"
"Jul 09, 2020","16.84","17.28","17.28","16.65","1.87M","-2.45%"
"Jul 10, 2020","17.30","16.84","17.30","16.59","2.10M","2.74%"
"Jul 11, 2020","17.62","17.33","17.62","17.20","2.32M","1.86%"
"Jul 12, 2020","18.30","17.61","18.38","17.61","2.99M","3.87%"
"Jul 13, 2020","18.42","18.31","18.77","17.99","3.23M","0.65%"
"Jul 14, 2020","18.10","18.35","18.41","17.97","2.38M","-1.77%"
"Jul 15, 2020","17.63","18.07","18.07","17.48","1.96M","-2.57%"
"Jul 16, 2020","17.15","17.65","17.65","16.81","2.05M","-2.71%"
"Jul 17, 2020","17.08","17.15","17.37","17.04","1.86M","-0.45%"
"Jul 18, 2020","17.13","17.06","17.22","16.94","1.69M","0.31%"
"Jul 19, 2020","18.01","17.15","18.01","16.93","2.60M","5.13%"
"Jul 20, 2020","17.47","18.03","18.20","17.45","2.49M","-2.98%"
"Jul 21, 2020","17.72","17.44","17.88","17.44","2.11M","1.42%"
"Jul 22, 2020","18.10","17.71","18.10","17.59","2.17M","2.17%"
"Jul 23, 2020","18.76","18.09","18.76","18.09","2.39M","3.63%"
"Jul 24, 2020","19.18","18.75","19.35","18.39","2.79M","2.25%"
"Jul 25, 2020","19.80","19.19","19.81","19.19","2.96M","3.23%"
"Jul 26, 2020","19.56","19.77","20.19","19.47","2.86M","-1.25%"
"Jul 27, 2020","19.80","19.55","19.80","18.74","3.84M","1.25%"
"Jul 28, 2020","20.17","19.76","20.36","19.73","3.52M","1.84%"
"Jul 29, 2020","19.82","20.17","20.22","19.82","2.23M","-1.71%"
"Jul 30, 2020","19.99","19.76","20.02","19.66","2.06M","0.83%"
"Jul 31, 2020","20.67","19.96","20.68","19.96","2.24M","3.44%"
"Aug 01, 2020","21.62","20.71","21.62","20.71","2.66M","4.61%"
"Aug 02, 2020","21.01","21.62","21.92","20.22","3.36M","-2.83%"
"Aug 03, 2020","22.06","21.00","22.37","21.00","2.67M","5.00%"
"Aug 04, 2020","22.30","22.05","22.37","21.77","2.39M","1.06%"
"Aug 05, 2020","23.28","22.31","23.32","22.20","3.69M","4.39%"
"Aug 06, 2020","22.75","23.28","23.28","22.75","2.45M","-2.28%"
"Aug 07, 2020","22.35","22.72","22.95","22.03","2.77M","-1.76%"
"Aug 08, 2020","22.92","22.27","22.92","22.01","2.41M","2.59%"
"Aug 09, 2020","22.45","22.91","22.91","22.21","2.11M","-2.07%"
"Aug 10, 2020","22.63","22.40","22.63","22.35","2.11M","0.79%"
"Aug 11, 2020","21.25","22.65","22.65","21.01","3.21M","-6.09%"
"Aug 12, 2020","21.49","21.31","21.88","20.89","2.46M","1.14%"
"Aug 13, 2020","21.78","21.49","21.78","20.77","3.08M","1.34%"
"Aug 14, 2020","23.11","21.84","23.18","21.43","3.82M","6.10%"
"Aug 15, 2020","23.00","23.18","23.65","23.00","2.74M","-0.45%"
"Aug 16, 2020","23.49","23.09","23.62","23.01","2.72M","2.11%"
"Aug 17, 2020","23.50","23.53","23.74","23.12","2.42M","0.06%"
"Aug 18, 2020","23.02","23.46","23.59","22.92","2.53M","-2.08%"
"Aug 19, 2020","22.35","22.98","22.98","22.05","2.13M","-2.91%"
"Aug 20, 2020","23.06","22.39","23.15","22.18","2.24M","3.22%"
"Aug 21, 2020","22.06","23.09","23.16","22.02","2.50M","-4.37%"
"Aug 22, 2020","22.20","22.10","22.20","21.55","1.89M","0.65%"
"Aug 23, 2020","21.83","22.20","22.20","21.58","1.62M","-1.69%"
"Aug 24, 2020","22.60","21.86","22.75","21.86","1.88M","3.55%"
"Aug 25, 2020","21.40","22.59","22.59","21.03","2.27M","-5.32%"
"Aug 26, 2020","22.21","21.39","22.36","21.39","2.50M","3.77%"
"Aug 27, 2020","23.11","22.20","23.11","22.06","2.93M","4.06%"
"Aug 28, 2020","23.06","23.15","23.43","22.79","2.55M","-0.20%"
"Aug 29, 2020","22.94","23.10","23.41","22.88","1.85M","-0.52%"
"Aug 30, 2020","23.63","22.99","23.74","22.99","1.91M","3.02%"
"Aug 31, 2020","23.14","23.66","23.72","23.14","1.77M","-2.09%"
"Sep 01, 2020","24.72","23.15","25.03","22.96","4.44M","6.83%"
"Sep 02, 2020","24.70","24.73","25.35","24.09","5.88M","-0.08%"
"Sep 03, 2020","20.32","24.72","25.22","20.32","7.21M","-17.73%"
"Sep 04, 2020","20.95","20.33","21.45","20.33","5.33M","3.12%"
"Sep 05, 2020","19.47","20.95","21.20","18.63","4.59M","-7.09%"
"Sep 06, 2020","23.18","19.37","23.18","19.14","8.11M","19.06%"
"Sep 07, 2020","22.45","23.11","23.11","20.45","5.46M","-3.16%"
"Sep 08, 2020","23.23","22.49","23.23","21.82","5.16M","3.49%"
"Sep 09, 2020","24.50","23.23","24.50","22.72","4.02M","5.45%"
"Sep 10, 2020","24.54","24.52","25.24","24.22","4.20M","0.16%"
"Sep 11, 2020","25.41","24.44","25.41","23.41","3.62M","3.57%"
"Sep 12, 2020","28.51","25.40","28.51","25.40","6.54M","12.17%"
"Sep 13, 2020","31.17","28.32","31.48","28.32","10.64M","9.33%"
"Sep 14, 2020","31.11","31.15","33.00","29.52","9.03M","-0.16%"
"Sep 15, 2020","27.11","30.94","30.94","27.11","7.95M","-12.85%"
"Sep 16, 2020","27.82","27.14","27.87","26.24","5.78M","2.59%"
"Sep 17, 2020","27.06","27.78","27.84","26.42","4.62M","-2.72%"
"Sep 18, 2020","27.68","27.10","28.07","26.88","4.25M","2.31%"
"Sep 19, 2020","27.20","27.46","27.46","26.68","2.43M","-1.74%"
"Sep 20, 2020","26.32","27.14","27.14","26.01","2.85M","-3.26%"
"Sep 21, 2020","23.01","26.07","26.48","23.01","5.25M","-12.55%"
"Sep 22, 2020","24.04","23.07","24.19","23.07","3.30M","4.44%"
"Sep 23, 2020","22.81","24.05","24.05","22.68","3.13M","-5.11%"
"Sep 24, 2020","24.58","22.81","24.58","22.81","3.29M","7.76%"
"Sep 25, 2020","24.68","24.55","24.81","24.09","2.83M","0.42%"
"Sep 26, 2020","26.20","24.72","26.20","24.56","3.12M","6.16%"
"Sep 27, 2020","26.23","26.13","26.60","25.98","2.56M","0.11%"
"Sep 28, 2020","26.99","26.26","27.69","26.26","3.22M","2.89%"
"Sep 29, 2020","28.79","26.94","28.79","26.94","3.64M","6.69%"
"Sep 30, 2020","29.27","28.85","29.27","28.25","3.11M","1.66%"
"Oct 01, 2020","27.49","29.27","29.27","27.36","4.05M","-6.09%"
"Oct 02, 2020","27.30","27.45","27.71","26.37","4.14M","-0.68%"
"Oct 03, 2020","28.19","27.30","28.19","27.30","2.95M","3.24%"
"Oct 04, 2020","29.02","28.10","29.02","28.10","3.10M","2.97%"
"Oct 05, 2020","28.57","28.93","29.15","28.36","2.27M","-1.56%"
"Oct 06, 2020","27.69","28.62","28.98","27.63","2.81M","-3.07%"
"Oct 07, 2020","27.70","27.65","27.73","27.21","2.06M","0.04%"
"Oct 08, 2020","27.69","27.68","27.69","26.76","2.48M","-0.05%"
"Oct 09, 2020","28.38","27.72","28.44","27.57","2.59M","2.51%"
"Oct 10, 2020","28.38","28.40","29.11","28.33","2.40M","0.00%"
"Oct 11, 2020","28.52","28.41","28.56","28.09","2.34M","0.51%"
"Oct 12, 2020","30.66","28.52","30.82","28.52","4.36M","7.47%"
"Oct 13, 2020","30.73","30.52","31.34","30.52","3.34M","0.23%"
"Oct 14, 2020","30.84","30.64","31.05","30.43","2.47M","0.38%"
"Oct 15, 2020","31.30","30.84","31.31","30.84","2.68M","1.50%"
"Oct 16, 2020","30.01","31.24","31.67","29.95","2.97M","-4.15%"
"Oct 17, 2020","30.23","30.04","30.48","30.04","1.86M","0.74%"
"Oct 18, 2020","30.66","30.19","30.77","30.19","2.27M","1.44%"
"Oct 19, 2020","29.92","30.59","30.59","29.92","1.75M","-2.43%"
"Oct 20, 2020","28.78","29.92","30.05","28.63","2.58M","-3.80%"
"Oct 21, 2020","29.74","28.73","30.06","28.73","2.66M","3.34%"
"Oct 22, 2020","30.65","29.72","31.04","29.72","2.83M","3.04%"
"Oct 23, 2020","30.63","30.59","31.03","30.29","2.03M","-0.03%"
"Oct 24, 2020","30.64","30.57","30.81","30.57","1.62M","0.00%"
"Oct 25, 2020","30.15","30.59","30.70","30.07","1.49M","-1.59%"
"Oct 26, 2020","31.04","30.09","31.22","30.09","2.65M","2.96%"
"Oct 27, 2020","31.49","31.03","31.98","31.03","2.89M","1.43%"
"Oct 28, 2020","30.33","31.47","31.70","30.19","2.21M","-3.67%"
"Oct 29, 2020","29.86","30.33","30.33","29.86","1.98M","-1.54%"
"Oct 30, 2020","28.49","29.84","29.97","27.87","3.21M","-4.61%"
"Oct 31, 2020","28.51","28.51","28.75","28.37","1.98M","0.09%"
"Nov 01, 2020","28.51","28.42","28.51","28.16","1.91M","0.00%"
"Nov 02, 2020","27.80","28.55","28.76","27.80","2.13M","-2.50%"
"Nov 03, 2020","26.87","27.75","27.75","26.44","2.59M","-3.33%"
"Nov 04, 2020","26.94","26.89","26.94","26.27","2.04M","0.26%"
"Nov 05, 2020","27.69","26.98","27.84","26.86","2.40M","2.79%"
"Nov 06, 2020","29.07","27.69","29.08","27.69","2.74M","4.96%"
"Nov 07, 2020","27.75","29.02","29.79","27.61","3.09M","-4.53%"
"Nov 08, 2020","28.38","27.63","28.53","27.63","2.30M","2.27%"
"Nov 09, 2020","28.09","28.41","28.86","27.94","2.15M","-1.03%"
"Nov 10, 2020","28.21","27.94","28.22","27.74","2.17M","0.43%"
"Nov 11, 2020","27.99","28.21","28.28","27.99","1.97M","-0.78%"
"Nov 12, 2020","27.70","28.01","28.01","27.46","1.66M","-1.02%"
"Nov 13, 2020","28.20","27.65","28.38","27.58","1.94M","1.79%"
"Nov 14, 2020","27.92","28.13","28.14","27.53","1.50M","-1.00%"
"Nov 15, 2020","27.66","27.95","28.04","27.21","1.44M","-0.91%"
"Nov 16, 2020","27.97","27.62","28.14","27.61","1.69M","1.09%"
"Nov 17, 2020","28.56","27.95","28.67","27.95","2.24M","2.11%"
"Nov 18, 2020","28.06","28.52","28.55","27.70","2.22M","-1.73%"
"Nov 19, 2020","28.08","28.11","28.24","27.80","2.02M","0.05%"
"Nov 20, 2020","28.95","28.13","29.10","28.13","2.49M","3.12%"
"Nov 21, 2020","30.50","28.90","30.50","28.54","3.16M","5.33%"
"Nov 22, 2020","30.04","30.54","30.54","29.57","2.84M","-1.50%"
"Nov 23, 2020","30.98","30.06","30.98","29.88","2.92M","3.13%"
"Nov 24, 2020","33.93","31.00","33.93","31.00","7.29M","9.52%"
"Nov 25, 2020","31.29","33.85","34.71","31.29","4.59M","-7.77%"
"Nov 26, 2020","28.22","31.21","31.50","27.31","6.24M","-9.83%"
"Nov 27, 2020","28.46","28.23","28.59","27.72","2.32M","0.85%"
"Nov 28, 2020","29.15","28.48","29.42","28.09","2.64M","2.45%"
"Nov 29, 2020","30.10","29.12","30.25","29.00","2.86M","3.25%"
"Nov 30, 2020","31.50","30.10","31.50","30.05","2.97M","4.65%"
"Dec 01, 2020","30.13","31.49","31.85","30.09","3.14M","-4.35%"
"Dec 02, 2020","30.30","30.07","30.58","30.07","2.37M","0.56%"
"Dec 03, 2020","30.70","30.25","30.70","30.03","1.92M","1.33%"
"Dec 04, 2020","29.02","30.67","30.67","29.02","2.06M","-5.45%"
"Dec 05, 2020","29.73","29.00","29.86","29.00","1.83M","2.44%"
"Dec 06, 2020","29.50","29.69","29.69","29.17","1.33M","-0.78%"
"Dec 07, 2020","29.36","29.49","29.53","29.28","1.23M","-0.46%"
"Dec 08, 2020","27.68","29.34","29.35","27.61","1.84M","-5.75%"
"Dec 09, 2020","28.15","27.66","28.26","27.46","1.64M","1.72%"
"Dec 10, 2020","27.66","28.16","28.16","27.59","1.34M","-1.75%"
"Dec 11, 2020","27.33","27.72","27.72","27.02","1.25M","-1.20%"
"Dec 12, 2020","28.14","27.31","28.14","27.31","1.30M","2.97%"
"Dec 13, 2020","29.13","28.17","29.19","28.16","1.64M","3.53%"
"Dec 14, 2020","30.03","29.11","30.03","28.79","2.03M","3.07%"
"Dec 15, 2020","29.52","30.05","30.05","29.42","1.62M","-1.70%"
"Dec 16, 2020","30.57","29.50","30.58","29.10","2.16M","3.55%"
"Dec 17, 2020","30.22","30.48","31.29","30.20","3.27M","-1.14%"
"Dec 18, 2020","30.96","30.20","30.96","30.20","2.04M","2.44%"
"Dec 19, 2020","33.30","30.92","33.95","30.92","4.12M","7.58%"
"Dec 20, 2020","34.27","33.28","35.19","33.28","4.48M","2.90%"
"Dec 21, 2020","32.16","34.18","35.59","31.58","4.55M","-6.14%"
"Dec 22, 2020","33.53","32.05","33.53","31.72","3.57M","4.26%"
"Dec 23, 2020","31.19","33.47","34.34","31.19","3.94M","-6.98%"
"Dec 24, 2020","32.52","31.19","32.52","30.75","3.00M","4.24%"
"Dec 25, 2020","33.18","32.50","33.26","32.32","2.60M","2.04%"
"Dec 26, 2020","33.58","33.20","33.63","32.92","2.42M","1.21%"
"Dec 27, 2020","33.64","33.60","34.58","33.23","3.75M","0.17%"
"Dec 28, 2020","35.94","33.64","35.94","33.64","4.12M","6.83%"
"Dec 29, 2020","39.10","35.97","39.10","35.97","7.02M","8.81%"
"Dec 30, 2020","38.09","39.13","39.13","37.09","2.42M","-2.59%"
"Dec 31, 2020","37.33","38.17","38.17","36.80","1.89M","-1.99%"
"Jan 01, 2021","37.73","37.36","38.64","37.07","2.43M","1.06%"
"Jan 02, 2021","38.24","37.66","38.78","37.10","3.02M","1.37%"
"Jan 03, 2021","41.22","38.22","41.22","37.98","4.90M","7.78%"
"Jan 04, 2021","41.10","41.37","42.35","39.63","5.30M","-0.28%"
"Jan 05, 2021","41.79","41.02","41.79","39.68","3.51M","1.67%"
"Jan 06, 2021","42.24","41.73","42.24","40.82","3.78M","1.07%"
"Jan 07, 2021","43.65","42.31","44.12","41.73","5.02M","3.35%"
"Jan 08, 2021","42.33","43.52","43.52","41.63","3.56M","-3.04%"
"Jan 09, 2021","43.81","42.39","43.92","41.71","2.72M","3.51%"
"Jan 10, 2021","42.43","43.96","44.66","41.14","4.28M","-3.15%"
"Jan 11, 2021","38.17","42.39","42.39","35.60","6.37M","-10.05%"
"Jan 12, 2021","38.26","38.13","39.44","37.84","3.26M","0.24%"
"Jan 13, 2021","40.12","38.25","40.12","37.82","3.51M","4.88%"
"Jan 14, 2021","41.88","40.09","41.88","39.94","3.31M","4.38%"
"Jan 15, 2021","40.92","41.91","42.10","40.17","3.43M","-2.31%"
"Jan 16, 2021","43.10","40.91","43.75","40.91","3.25M","5.33%"
"Jan 17, 2021","45.90","42.92","46.24","41.35","3.88M","6.51%"
"Jan 18, 2021","45.36","46.13","46.45","44.21","3.07M","-1.20%"
"Jan 19, 2021","42.62","45.36","45.49","42.48","5.15M","-6.03%"
"Jan 20, 2021","42.57","42.54","42.63","41.01","3.71M","-0.11%"
"Jan 21, 2021","38.69","42.60","42.60","38.69","3.46M","-9.11%"
"Jan 22, 2021","40.87","38.69","41.02","37.79","3.08M","5.61%"
"Jan 23, 2021","40.92","40.67","41.47","39.95","2.54M","0.12%"
"Jan 24, 2021","41.83","40.86","42.05","40.86","2.34M","2.22%"
"Jan 25, 2021","41.78","41.86","43.05","41.34","2.77M","-0.12%"
"Jan 26, 2021","41.72","41.46","41.98","40.28","2.76M","-0.14%"
"Jan 27, 2021","40.98","41.84","41.84","40.57","2.65M","-1.77%"
"Jan 28, 2021","42.48","40.71","42.69","40.71","2.98M","3.65%"
"Jan 29, 2021","42.87","42.49","43.98","42.40","3.44M","0.93%"
"Jan 30, 2021","44.76","42.89","45.01","42.89","2.77M","4.40%"
"Jan 31, 2021","44.33","44.80","45.25","43.65","2.43M","-0.96%"
"Feb 01, 2021","51.41","44.23","51.41","44.00","6.10M","15.98%"
"Feb 02, 2021","50.99","51.34","52.26","49.95","4.67M","-0.81%"
"Feb 03, 2021","52.12","50.91","52.30","50.22","2.95M","2.21%"
"Feb 04, 2021","55.92","52.24","56.89","52.24","4.00M","7.28%"
"Feb 05, 2021","67.76","56.15","68.26","56.15","5.04M","21.18%"
"Feb 06, 2021","72.57","67.46","74.81","64.97","8.48M","7.10%"
"Feb 07, 2021","68.40","72.86","73.62","66.73","5.97M","-5.75%"
"Feb 08, 2021","79.73","68.15","79.73","68.15","7.86M","16.56%"
"Feb 09, 2021","107.61","79.99","109.22","78.68","12.49M","34.97%"
"Feb 10, 2021","128.71","107.96","146.74","107.96","16.61M","19.61%"
"Feb 11, 2021","124.04","129.30","129.30","120.24","5.92M","-3.62%"
"Feb 12, 2021","136.67","124.42","136.67","122.92","5.63M","10.18%"
"Feb 13, 2021","133.09","137.38","137.38","128.27","3.79M","-2.62%"
"Feb 14, 2021","135.99","133.62","137.90","129.83","4.41M","2.18%"
"Feb 15, 2021","130.00","135.86","135.86","121.19","4.77M","-4.40%"
"Feb 16, 2021","130.10","129.48","131.31","128.07","3.26M","0.07%"
"Feb 17, 2021","165.38","129.83","170.58","128.37","10.18M","27.12%"
"Feb 18, 2021","195.76","166.18","197.15","165.96","11.23M","18.37%"
"Feb 19, 2021","332.73","196.29","332.73","196.29","20.19M","69.97%"
"Feb 20, 2021","254.41","334.13","334.13","254.41","13.49M","-23.54%"
"Feb 21, 2021","293.80","254.92","298.78","254.92","10.65M","15.48%"
"Feb 22, 2021","267.46","295.13","295.13","246.49","12.61M","-8.97%"
"Feb 23, 2021","231.72","268.51","268.51","206.15","15.88M","-13.36%"
"Feb 24, 2021","254.27","229.87","275.56","226.37","11.78M","9.73%"
"Feb 25, 2021","233.69","254.12","257.20","233.69","6.87M","-8.09%"
"Feb 26, 2021","222.11","234.29","234.44","212.25","7.41M","-4.96%"
"Feb 27, 2021","225.56","221.54","230.64","221.54","4.19M","1.55%"
"Feb 28, 2021","210.05","223.52","226.58","199.30","5.68M","-6.88%"
"Mar 01, 2021","254.73","211.22","255.58","211.22","7.91M","21.27%"
"Mar 02, 2021","239.46","254.95","254.95","232.80","5.38M","-5.99%"
"Mar 03, 2021","240.85","239.18","251.39","239.18","4.28M","0.58%"
"Mar 04, 2021","229.71","240.61","243.63","228.82","4.00M","-4.63%"
"Mar 05, 2021","225.67","229.37","229.37","218.74","3.65M","-1.76%"
"Mar 06, 2021","226.27","225.83","228.91","222.56","2.66M","0.27%"
"Mar 07, 2021","240.04","226.60","240.04","226.60","3.52M","6.09%"
"Mar 08, 2021","240.61","239.76","242.28","231.14","3.05M","0.24%"
"Mar 09, 2021","293.00","240.41","293.00","236.90","7.94M","21.77%"
"Mar 10, 2021","278.13","294.67","294.67","273.71","6.01M","-5.08%"
"Mar 11, 2021","290.07","279.70","292.80","274.57","6.60M","4.29%"
"Mar 12, 2021","263.43","290.22","290.22","259.22","5.91M","-9.18%"
"Mar 13, 2021","275.89","263.06","280.39","259.69","3.90M","4.73%"
"Mar 14, 2021","264.27","276.24","276.24","264.27","2.43M","-4.21%"
"Mar 15, 2021","254.22","264.49","266.36","254.22","3.36M","-3.80%"
"Mar 16, 2021","258.29","255.03","258.29","246.96","3.01M","1.60%"
"Mar 17, 2021","269.85","258.38","269.85","250.06","2.86M","4.48%"
"Mar 18, 2021","261.30","270.93","275.99","261.30","3.15M","-3.17%"
"Mar 19, 2021","263.15","261.51","267.00","261.51","2.26M","0.71%"
"Mar 20, 2021","264.41","262.56","270.21","262.56","2.38M","0.48%"
"Mar 21, 2021","264.75","263.26","267.42","259.10","1.97M","0.13%"
"Mar 22, 2021","255.04","265.17","269.59","255.04","3.26M","-3.67%"
"Mar 23, 2021","255.43","254.86","261.10","254.00","2.59M","0.15%"
"Mar 24, 2021","248.59","254.73","267.49","248.13","3.27M","-2.68%"
"Mar 25, 2021","233.94","248.54","248.54","230.30","3.50M","-5.89%"
"Mar 26, 2021","254.99","234.37","254.99","234.37","2.64M","9.00%"
"Mar 27, 2021","269.32","255.33","272.76","252.17","3.09M","5.62%"
"Mar 28, 2021","268.90","270.77","278.75","263.87","3.27M","-0.15%"
"Mar 29, 2021","275.13","268.54","275.79","267.22","2.73M","2.32%"
"Mar 30, 2021","311.41","275.32","311.41","272.00","5.53M","13.19%"
"Mar 31, 2021","302.18","310.47","311.66","293.23","4.72M","-2.96%"
"Apr 01, 2021","334.33","303.03","334.33","303.03","4.39M","10.64%"
"Apr 02, 2021","338.27","335.70","353.31","333.29","4.21M","1.18%"
"Apr 03, 2021","321.91","338.87","348.44","321.91","3.10M","-4.83%"
"Apr 04, 2021","349.37","319.25","351.60","319.25","2.72M","8.53%"
"Apr 05, 2021","367.38","349.28","373.99","338.19","3.49M","5.15%"
"Apr 06, 2021","402.68","368.43","405.23","366.57","4.48M","9.61%"
"Apr 07, 2021","375.48","403.65","410.64","368.12","6.18M","-6.75%"
"Apr 08, 2021","417.71","375.98","421.41","375.98","4.09M","11.25%"
"Apr 09, 2021","453.50","418.61","453.50","409.23","3.67M","8.57%"
"Apr 10, 2021","472.26","453.84","481.68","452.70","4.66M","4.14%"
"Apr 11, 2021","525.59","471.57","525.59","467.04","3.64M","11.29%"
"Apr 12, 2021","598.69","526.91","598.69","520.90","9.28M","13.91%"
"Apr 13, 2021","550.14","596.62","596.62","544.93","5.45M","-8.11%"
"Apr 14, 2021","549.63","553.50","580.99","536.89","4.21M","-0.09%"
"Apr 15, 2021","542.32","549.56","550.26","539.62","2.32M","-1.33%"
"Apr 16, 2021","508.27","542.25","542.42","508.27","4.19M","-6.28%"
"Apr 17, 2021","515.13","509.96","540.59","509.96","2.95M","1.35%"
"Apr 18, 2021","481.46","516.41","516.41","442.20","4.47M","-6.54%"
"Apr 19, 2021","504.01","481.42","532.79","481.42","5.03M","4.68%"
"Apr 20, 2021","587.50","505.68","587.50","488.16","5.73M","16.56%"
"Apr 21, 2021","543.28","588.67","594.46","543.28","5.69M","-7.53%"
"Apr 22, 2021","505.74","545.51","577.56","505.74","6.38M","-6.91%"
"Apr 23, 2021","526.54","505.00","526.54","473.80","6.86M","4.11%"
"Apr 24, 2021","497.52","526.56","526.56","491.53","3.00M","-5.51%"
"Apr 25, 2021","504.26","497.91","511.82","487.73","2.49M","1.36%"
"Apr 26, 2021","535.26","504.87","541.71","504.87","3.10M","6.15%"
"Apr 27, 2021","568.84","532.48","568.84","529.70","2.81M","6.27%"
"Apr 28, 2021","562.52","569.03","573.61","550.88","2.38M","-1.11%"
"Apr 29, 2021","599.95","563.24","605.06","563.24","4.34M","6.65%"
"Apr 30, 2021","623.31","600.06","623.31","598.74","3.43M","3.89%"
"May 01, 2021","619.91","622.83","638.15","618.24","2.43M","-0.55%"
"May 02, 2021","606.15","619.41","620.22","606.15","2.21M","-2.22%"